year,annual_mean_temp
2020,5.773816155988858
2021,6.384357541899441
2022,7.006629834254144
2023,6.102528089887641
2024,7.004249291784703
2025,7.607446808510639
